Neal,Faviola,1 Sample Street,Jacki,YZ,98765
Reyna,Terrance,2 Sample Street,Lynda,YZ,98764
Arianna,Myesha,3 Sample Street,Lizzette,YZ,98763
Maud,Violet,4 Sample Street,Dione,YZ,98762
Melynda,Jeanett,5 Sample Street,Remedios,YZ,98761
Josiah,Betsey,6 Sample Street,Tommie,YZ,98760
Lenita,Lisa,7 Sample Street,Ellamae,YZ,98759
Sue,Fatimah,8 Sample Street,Mitsuko,YZ,98758
Brant,Antwan,9 Sample Street,Cristin,YZ,98757
Maria,Carman,10 Sample Street,Marcie,YZ,98756
Sharon,Camie,11 Sample Street,Charles,YZ,98755
Tommye,Ryan,12 Sample Street,Jenee,YZ,98754
Federico,Josefina,13 Sample Street,Tonisha,YZ,98753
Signe,Spencer,14 Sample Street,Domenica,YZ,98752
Janise,Sanda,15 Sample Street,Denis,YZ,98751
Colette,Nelson,16 Sample Street,Wendell,YZ,98750
Rosie,Jovita,17 Sample Street,Karmen,YZ,98749
Patti,Lottie,18 Sample Street,Rubie,YZ,98748
Sanjuana,Catalina,19 Sample Street,Twyla,YZ,98747
Isabella,Korey,20 Sample Street,Shauna,YZ,98746
Argelia,Salome,21 Sample Street,Vernice,YZ,98745
Cortez,Myrl,22 Sample Street,Omer,YZ,98744
Cami,Boyce,23 Sample Street,Jack,YZ,98743
Aleen,Jani,24 Sample Street,Arminda,YZ,98742
Patsy,Kathlene,25 Sample Street,Mathew,YZ,98741
Edgardo,Keisha,26 Sample Street,Danae,YZ,98740
Olympia,Marco,27 Sample Street,Daphine,YZ,98739
Deirdre,Irmgard,28 Sample Street,Mitzi,YZ,98738
Blaine,Toshiko,29 Sample Street,Starla,YZ,98737
Heidy,Jesica,30 Sample Street,Arnulfo,YZ,98736
Lajuana,Karla,31 Sample Street,Gabriella,YZ,98735
Roman,Artie,32 Sample Street,Blair,YZ,98734
Yadira,Mirtha,33 Sample Street,Veronica,YZ,98733
Wava,Lincoln,34 Sample Street,Deon,YZ,98732
Chang,Mathew,35 Sample Street,Katharina,YZ,98731
Kellie,Brenna,36 Sample Street,Eula,YZ,98730
Lakeisha,Cory,37 Sample Street,Chassidy,YZ,98729
Sina,Terri,38 Sample Street,Lillie,YZ,98728
Fredda,Ying,39 Sample Street,Vinita,YZ,98727
Loyd,Marjory,40 Sample Street,Hermina,YZ,98726
Cyrus,Zackary,41 Sample Street,Taryn,YZ,98725
Concepcion,Burma,42 Sample Street,Lois,YZ,98724
Karan,Milly,43 Sample Street,Maragaret,YZ,98723
Marquita,Joye,44 Sample Street,Nannie,YZ,98722
Gertude,Stacey,45 Sample Street,Scotty,YZ,98721
Franklyn,Jaimee,46 Sample Street,Glenda,YZ,98720
Katina,Roberta,47 Sample Street,Anastacia,YZ,98719
Nell,Shanna,48 Sample Street,Mammie,YZ,98718
Charles,Gus,49 Sample Street,Zack,YZ,98717
Ayako,Monnie,50 Sample Street,Edmund,YZ,98716